elec,office,county,dist,jID,n_dr,open,row_id_R,row_id_D,cand_R,cand_D,incumbency_R,incumbency_D,hits_R,hits_D,money_R,money_D,Rmoneyadv,Rnewsadv
2010-11-02,GOV,,,2010-11-02_GOV,2,1,1,8,Nikki R Haley,Vincent A Sheheen,0,0,4129,2882,,,,0.3594459883166765
2010-11-02,LGV,,,2010-11-02_LGV,2,1,2,9,Ken Ard,Ashley Cooper,0,0,534,426,,,,0.22548273366738147
2010-11-02,ATG,,,2010-11-02_ATG,2,1,3,10,Alan Wilson,Matthew Richardson,0,0,492,364,,,,0.3006118204601984
2010-11-02,SOS,,,2010-11-02_SOS,2,0,4,11,Mark Hammond,Marjorie L Johnson,1,0,409,130,,,,1.1409598364972027
2010-11-02,SSI,,,2010-11-02_SSI,2,1,5,12,Mick Zais,Frank Holleman,0,0,530,531,,,,-0.0018814680997056854
2010-11-02,USS,,,2010-11-02_USSEN,2,0,6,13,Jim DeMint,Alvin M Greene,1,0,6707,944,,,,1.9598711954493568
2010-11-02,USH,,3,2010-11-02_USHOU_3,2,1,7,14,Jeff Duncan,Jane Ballard Dyer,0,0,394,43,395940.45,141893.44,1.0261829459122787,2.194696130982861
2010-11-02,USH,,2,2010-11-02_USHOU_2,2,0,15,16,Joe Wilson,Rob Miller,1,0,2861,561,3450230.46,2051035.98,0.5200958094910586,1.6277741102227052
2010-11-02,CCD,Aiken,1,2010-11-02_CCD_Aiken_1,2,0,18,17,Andy Windham,Kathy Rawls,0,1,71,131,584.68,0,6.372773565338387,-0.6061358035703153
2010-11-02,HOU,,91,2010-11-02_HOU_91,2,0,19,20,Ben Kinlaw,Lonnie Hosey,0,1,30,62,8260,15855,-0.6520023320072639,-0.7091475219063863
2010-11-02,CCD,Anderson,2,2010-11-02_CCD_Anderson_2,2,0,21,22,Jack Abraham,Gracie S Floyd,0,1,152,529,7135.73,6400.08,0.10878796212293551,-1.2424390851537321
2010-11-02,CCD,Anderson,6,2010-11-02_CCD_Anderson_6,2,1,23,24,Ken Waters,Donovan A Loftis,0,0,57,39,0,,,0.37156355643248284
2010-11-02,HOU,,8,2010-11-02_HOU_8,2,0,27,25,Don C Bowen,Tom Dobbins,1,0,166,37,28874.1,28418,0.015921696477917635,1.4804076526903698
2010-11-02,CCD,Anderson,5,2010-11-02_CCD_Anderson_5,2,0,28,26,Tommy Dunn,Mike Vandiver,1,0,324,27,2150,3840,-0.5797998990781741,2.4516206721545335
2010-11-02,USH,,6,2010-11-02_USHOU_6,2,0,29,30,Jim Pratt,James E Jim Clyburn,0,1,154,1912,39301.46,395543.49,-2.3089761590634055,-2.513002852521006
2010-11-02,JPR,Barnwell,,2010-11-02_JPRB_Barnwell,2,1,32,31,Myrna Still Dill,Cynthia C Ray,0,0,1,2,10156.15,3060.6899999999996,1.1992108398971837,-0.4054651081081645
2010-11-02,HOU,,102,2010-11-02_HOU_102,2,0,33,34,Joseph J Caplinger,Joe H Jefferson,0,1,15,32,1018.46,20333,-2.993021286509384,-0.7239188392266991
2010-11-02,USH,,1,2010-11-02_USHOU_1,2,1,36,35,Tim Scott,Ben Frasier,0,0,716,177,620065.06,28578.06,3.0771517389224883,1.393292290307535
2010-11-02,HOU,,93,2010-11-02_HOU_93,2,0,38,37,Charles H Stoudemire,Harry L Ott,0,1,14,410,3607.55,34524.1,-2.2583805661358873,-3.310543013394024
2010-11-02,CCD,Calhoun,4,2010-11-02_CCD_Calhoun_4,2,1,40,39,Michael N Drake,Cecil M Thornton,0,0,42,11,480.24,1300,-0.9945223723471814,1.276293465905562
2010-11-02,HOU,,108,2010-11-02_HOU_108,2,0,42,41,Kevin Ryan,Vida Miller,0,1,145,337,18510,57749.1,-1.137759931024588,-0.8394392737746825
2010-11-02,HOU,,116,2010-11-02_HOU_116,2,0,46,43,Sean Pike,Robert L Brown,0,1,25,379,7597.97,8775,-0.1440080111809543,-2.6820747146989494
2010-11-02,CCD,Charleston,8,2010-11-02_CCD_Charleston_8,2,1,45,44,Thomas Legare,Anna B Johnson,0,0,67,58,23860.35,22065.5,0.07819937374323338,0.14197026127038725
2010-11-02,HOU,,119,2010-11-02_HOU_119,2,0,47,49,Lee Edwards,Leon Stavrinakis,0,1,106,130,15970,134122.3,-2.1279849484526547,-0.2023684887392454
2010-11-02,CCD,Charleston,9,2010-11-02_CCD_Charleston_9,2,1,48,50,Joe Qualey,Amy Fabri,0,0,106,38,6350,20959.99,-1.1940508103409968,1.0092671883322595
2010-11-02,HOU,,115,2010-11-02_HOU_115,2,0,51,52,Peter McCoy,Anne Peterson Hutto,0,1,45,127,94886.23,71669.1,0.2806154885751386,-1.0233888674305218
2010-11-02,USH,,5,2010-11-02_USHOU_5,2,0,53,54,Mick Mulvaney,John Spratt,0,1,1130,2247,1014407.54,427776.04,0.8634588771484424,-0.6869387348974607
2010-11-02,CCD,Cherokee,2,2010-11-02_CCD_Cherokee_2,2,1,55,56,Mike Fowlkes,Jonathan Blanton,0,0,38,12,3550,2711.92,0.26920370837097085,1.0986122886681096
2010-11-02,HOU,,120,2010-11-02_HOU_120,2,0,60,57,Dan Lawrence,Bill Bowers,0,1,6,56,,13074.1,,-2.097141118779237
2010-11-02,JPR,Colleton,,2010-11-02_JPRB_Colleton,2,1,58,59,W Wesley Jones,Ashley H Amundson,0,0,2,4,4379.999999999999,17387.27,-1.3785188321245379,-0.5108256237659905
2010-11-02,CCD,Darlington,4,2010-11-02_CCD_Darlington_4,2,1,61,62,Martin Driggers,Bobby Hudson,0,0,12,18,8200,182.9000000000001,3.7976192454261364,-0.3794896217049035
2010-11-02,CCD,Dorchester,3,2010-11-02_CCD_Dorchester_3,2,0,63,64,George Bailey,Kenny Waggoner,0,1,70,97,17735,6625,0.9845951684363055,-0.32228760162925685
2010-11-02,HOU,,98,2010-11-02_HOU_98,2,1,65,66,Chris Murphy,Christine Jackson,0,0,109,54,62644.7,4355.61,2.6658008117137975,0.6931471805599454
2010-11-02,CCD,Edgefield,3,2010-11-02_CCD_Edgefield_3,2,1,67,68,Dean Campbell,Frank Nicholson III,0,0,9,1,780,0,6.660575149839686,1.6094379124341005
2010-11-02,CCD,Florence,6,2010-11-02_CCD_Florence_6,2,0,70,69,Elijah Jones,Russell W Culberson,0,1,6,21,13500.53,5550,0.8888249206479557,-1.1451323043030028
2010-11-02,HOU,,63,2010-11-02_HOU_63,2,0,72,71,Kris Crawford,Sheila C Gallagher,1,0,79,25,67380.68,25701.48,0.963785685582172,1.123930096652399
2010-11-02,HOU,,60,2010-11-02_HOU_60,2,0,73,74,Phillip Lowe,Benny L Webb,1,0,15,8,61663.1,3050,3.006232508187857,0.5753641449035616
2010-11-02,HOU,,22,2010-11-02_HOU_22,2,0,75,78,Wendy Nanney,Joe Waters,1,0,32,11,26118.25,23555.64,0.10326485635464522,1.0116009116784799
2010-11-02,USH,,4,2010-11-02_USHOU_4,2,1,76,77,Trey Gowdy,Paul Corden,0,0,440,46,729391.93,11776.66,4.126008068703484,2.2388972737367876
2010-11-02,HOU,,23,2010-11-02_HOU_23,2,0,80,79,Tom Kolarik,Chandra Dillard,0,1,0,9,477.02,30598.1,-4.159073303122901,-2.302585092994046
2010-11-02,CCD,Greenville,26,2010-11-02_CCD_Greenville_26,2,1,81,82,Dan Rawls,Allen Bunk Johnson,0,0,1,0,16720,0,9.724420693462669,0.6931471805599453
2010-11-02,HOU,,24,2010-11-02_HOU_24,2,0,83,84,Bruce Bannister,D C Swinton,1,0,34,6,74005.1,202.97,5.8939298770148945,1.6094379124341003
2010-11-02,HOU,,26,2010-11-02_HOU_26,2,1,86,85,Eric Bikas,Judy Gilstrap,0,0,20,18,27445,16913.3,0.4840610198586113,0.10008345855698275
2010-11-02,HOU,,17,2010-11-02_HOU_17,2,1,87,88,Tom Corbin,Stephen Salter,0,0,9,4,55695,1200,3.8367537879712375,0.6931471805599456
2010-11-02,HOU,,28,2010-11-02_HOU_28,2,0,89,90,Eric M Bedingfield,Ines Alvarez,1,0,99,6,23149.1,938,3.2049388999512143,2.6592600369327783
2010-11-02,HOU,,12,2010-11-02_HOU_12,2,0,91,93,Jennings G McAbee,Anne Parks,0,1,0,3,5154.79,24889.86,-1.5743803128115168,-1.3862943611198906
2010-11-02,JPR,Greenwood,,2010-11-02_JPRB_Greenwood,2,1,92,94,Robert Cone,Travis W Moore,0,0,0,0,20392.28,18995,0.0709770041306168,0
2010-11-02,HOU,,13,2010-11-02_HOU_13,2,0,95,96,Gene Pinson,Michael K Gaskin,1,0,16,8,40664.1,4667.8,2.164468151386563,0.6359887667199966
2010-11-02,HOU,,58,2010-11-02_HOU_58,2,0,98,97,Liston D Barfield,Butch Johnson,1,0,87,16,27615.1,1903,2.674441999614512,1.6441234704219907
2010-11-02,HOU,,104,2010-11-02_HOU_104,2,0,101,99,Tracy R Edge,Charles J Randall,1,0,323,38,23775,6210.36,1.342296794957008,2.1171818696626827
2010-11-02,CCD,Horry,1,2010-11-02_CCD_Horry_1,2,0,102,100,Harold Worley,Brian Scott,1,0,242,15,0,100,-4.61512051684126,2.720472721100767
2010-11-02,SHF,Kershaw,,2010-11-02_SHF_Kershaw,2,1,105,103,Jim Matthews,Sammie Tucker,0,0,6,35,118285.47,3055.0000000000005,3.656002522894152,-1.6376087894007967
2010-11-02,JPR,Kershaw,,2010-11-02_JPRB_Kershaw,2,0,106,104,Ned Towell,Harriett Spears Pierce,0,1,4,0,10178,7980.000000000001,0.24326305757633016,1.6094379124341003
2010-11-02,CCD,Kershaw,5,2010-11-02_CCD_Kershaw_5,2,0,108,107,Eric Boland,Stephen R Smoak,0,1,2,48,5810,8823.32,-0.41775887293323066,-2.793208009442517
2010-11-02,CCD,Kershaw,6,2010-11-02_CCD_Kershaw_6,2,1,109,110,Tom Gardner,David E Branham,0,0,0,6,1725.38,2636.9600000000005,-0.4239791605240013,-1.9459101490553132
2010-11-02,CCD,Lexington,2,2010-11-02_CCD_Lexington_2,2,0,111,112,Frank J Townsend III,Billy Derrick,0,1,0,131,170.68,1250,-1.9860662315845232,-4.882801922586371
2010-11-02,HOU,,87,2010-11-02_HOU_87,2,0,113,114,Todd Atwater,Pete Oliver,1,0,37,29,83810,4176.85,2.9987675036457713,0.2363887780642302
2010-11-02,HOU,,69,2010-11-02_HOU_69,2,1,115,116,Rick Quinn,Jan Steensen Crangle,0,0,51,19,54890,9365,1.7682632898891892,0.9555114450274367
2010-11-02,HOU,,85,2010-11-02_HOU_85,2,0,118,117,Chip Huggins,Jim Nelson,1,0,44,32,77297.1,303,5.538396953307053,0.3101549283038394
2010-11-02,JPR,McCormick,,2010-11-02_JPRB_McCormick,2,1,120,119,Patsy Wilson,Kathryne P Kitty Butler,0,0,2,0,1050,975,0.07403478446385936,1.0986122886681098
2010-11-02,CCD,McCormick,2,2010-11-02_CCD_McCormick_2,2,1,121,122,Bernie Hamby,George C Selfridge,0,0,5,0,700,515.96,0.3045423849584017,1.791759469228055
2010-11-02,CCD,Newberry,6,2010-11-02_CCD_Newberry_6,2,0,124,123,Gregory B Taylor,William D Waldrop,0,1,3,3,1500,310,1.5740939194542278,0
2010-11-02,JPR,Oconee,,2010-11-02_JPRB_Oconee,2,0,125,126,Kenny Johns,Sandra Burgess Orr,0,1,14,45,0,2415,-7.789868559054706,-1.120591195386885
2010-11-02,CCD,Pickens,1,2010-11-02_CCD_Pickens_1,2,1,127,128,Bill Reid,Jeffery S Martin,0,0,27,13,1935,3296,-0.5323889752352082,0.6931471805599454
2010-11-02,HOU,,78,2010-11-02_HOU_78,2,0,130,129,Joan Brady,Paige B George,1,0,156,16,65969.1,17761.97,1.3120856557617433,2.2230324612920915
2010-11-02,CCD,Richland,11,2010-11-02_CCD_Richland_11,2,0,131,132,Sheila Hemingway,Norman Jackson,0,1,22,322,200,4100,-3.0156812173329843,-2.6421581072935068
2010-11-02,HOU,,79,2010-11-02_HOU_79,2,1,134,133,Sheri Few,Mia Butler,0,0,80,51,64514.68,15196.88,1.4457523505920538,0.4432054360910116
2010-11-02,CCD,Saluda,1,2010-11-02_CCD_Saluda_1,2,1,136,135,Tillman Sauls,J Frank Daniel,,,0,3,650,1028.15,-0.4579788555964406,-1.3862943611198906
2010-11-02,HOU,,35,2010-11-02_HOU_35,2,1,137,138,Bill Chumley,Tom Davies,0,0,14,18,38307.47,14086.04,1.000415794790321,-0.2363887780642302
2010-11-02,CCD,Spartanburg,6,2010-11-02_CCD_Spartanburg_6,2,1,139,140,Roger A Nutt,JC Caldwell II,0,0,33,5,5322.56,7419.4400000000005,-0.33209610212302465,1.7346010553881066
2010-11-02,HOU,,37,2010-11-02_HOU_37,2,0,142,141,Steve Parker,Delores Frazer,1,0,88,6,3235.31,9320.43,-1.05788225851561,2.542726220676826
2010-11-02,HOU,,38,2010-11-02_HOU_38,2,0,143,144,Doug Brannon,John Lewis,1,0,64,343,58619.1,10466,1.7228501903109663,-1.6662543874777613
2010-11-02,HOU,,42,2010-11-02_HOU_42,2,0,146,145,Randall English,Mike Anthony,0,1,15,232,6250,22599.1,-1.2852128800975358,-2.678449731325919
2010-11-02,CCD,Union,4,2010-11-02_CCD_Union_4,2,0,148,147,Don Hyder,Ben Ivey,1,0,19,16,0,0,0,0.1625189294977747
2010-11-02,CCD,Union,1,2010-11-02_CCD_Union_1,2,0,150,149,David Gossett,Joan Little,0,1,11,25,0,0,0,-0.7731898882334818
2010-11-02,HOU,,47,2010-11-02_HOU_47,2,0,151,152,Tommy Pope,Herb Kirsh,0,1,135,230,61809.1,29610,0.7359208676136362,-0.5297628247857409
2010-11-02,HOU,,46,2010-11-02_HOU_46,2,0,153,154,Gary Simrill,Holly Ann Cooper,1,0,204,9,20849.1,4110,1.6236924364806367,3.0204248861443626
2010-11-02,HOU,,45,2010-11-02_HOU_45,2,0,155,156,Deborah A Long,Mary Bernsdorff,1,0,237,56,52090.62,20792.03,0.9183862568965395,1.4292194058369248
2010-11-02,CCD,York,4,2010-11-02_CCD_York_4,2,1,158,157,Thomas Hardin,William Bump Roddey,0,0,11,111,3200.05,10483.17,-1.1863876195302936,-2.233592221507094
2012-11-06,PRS,,,2012-11-06_PRS,2,0,159,163,Mitt Romney,Barack Obama,0,1,8588,33384,,,,-1.357624382525744
2012-11-06,USH,,3,2012-11-06_USHOU_3,2,0,160,164,Jeff Duncan,Brian Ryan B Doyle,1,0,751,27,231016.18,550,6.038512549879906,3.290531813774636
2012-11-06,HOU,,11,2012-11-06_HOU_11,2,1,161,165,Craig Gagnon,Lee Garrett,0,0,6,36,17243,10895,0.459068507477733,-1.6650077635889111
2012-11-06,SEN,,10,2012-11-06_SEN_10,2,0,162,166,Jennings G McAbee,Floyd Nicholson,0,1,21,89,19434.04,74101.44,-1.3383708377903503,-1.408767216971949
2012-11-06,SHF,Abbeville,,2012-11-06_SHF_Abbeville,2,0,,167,,Charles H Goodwin,,1,,27,,2320.44,,
2012-11-06,JPR,Aiken,,2012-11-06_JPRB_Aiken,2,0,169,168,Jane Page Thompson,Sue H Roe,0,1,131,48,24875,15947.01,0.44456942668485766,0.9909816244757441
2012-11-06,SEN,,26,2012-11-06_SEN_26,2,0,171,170,Deedee Vaughters,Nikki Setzler,0,1,144,372,149669.42,253617.36,-0.52739494070814,-0.9448446772232417
2012-11-06,HOU,,91,2012-11-06_HOU_91,2,0,173,172,Ben Kinlaw,Lonnie Hosey,0,1,42,70,6174.96,33685.73,-1.696439655247568,-0.5014797613477531
2012-11-06,SEN,,45,2012-11-06_SEN_45,2,0,174,175,Leilani Bessinger,Clementa Pinckney,0,1,20,356,2904,6549.99,-0.8131827929601929,-2.8332133440562157
2012-11-06,HOU,,90,2012-11-06_HOU_90,2,0,176,177,Dan Lawrence,Bakari Sellers,0,1,11,444,250,23699.12,-4.547782451269759,-3.61316763237824
2012-11-06,USH,,1,2012-11-06_USHOU_1,2,0,178,179,Tim Scott,Bobbie Rose,1,0,1601,104,764039.92,86354,2.180154641145764,2.725047777470781
2012-11-06,HOU,,102,2012-11-06_HOU_102,2,0,180,181,Allan Weiss,Joe Jefferson,0,1,13,43,8275,30351.99,-1.2995352700678886,-1.1451323043030026
2012-11-06,HOU,,100,2012-11-06_HOU_100,2,0,182,,Edward L Southard,,1,,6,,34381.04,,,
2012-11-06,HOU,,,,,,,183,,Tonia Aiken-Taylor,,,,29,,,,
2012-11-06,AUD,Charleston,,,,,184,185,Paul S Gawrych,Peter J Tecklenburg,,,254,81,,,,1.1345442978941724
2012-11-06,SEN,,41,2012-11-06_SEN_41,2,0,186,187,Paul Thurmond,Paul Tinkler,1,0,820,196,199254,166342.78,0.18052880073591737,1.4273193807144393
2012-11-06,USH,,5,2012-11-06_USHOU_5,2,0,189,188,Mick Mulvaney,Joyce Knott,1,0,1274,106,219768.34,30724.49,1.9674859385438896,2.4778726231306205
2012-11-06,CCD,Cherokee,6,2012-11-06_CCD_Cherokee_6,2,0,190,191,Bobby E Mills,L Hoke Parris,0,1,9,64,0,150,-5.017279836814924,-1.871802176901591
2012-11-06,SEN,,17,2012-11-06_SEN_17,2,0,192,193,Bob Carrison,Creighton B Coleman,0,1,26,552,9757,68799.12,-1.9531180277301772,-3.019521135518006
2012-11-06,HOU,,41,2012-11-06_HOU_41,2,1,195,194,William Gray,MaryGail Douglas,0,0,84,32,11771.87,9108.08,0.25652601357296945,0.9461436950238364
2012-11-06,USH,,7,2012-11-06_USHOU_7,2,1,197,196,Tom Rice,Gloria Bromell Tinubu,0,0,591,243,1139393.31,474777.69,0.8754033135047301,0.8863384095908033
2012-11-06,CCD,Chesterfield,7,2012-11-06_CCD_Chesterfield_7,2,0,199,198,Donna M Johnson,Matt Rivers,0,1,26,56,950,1100,-0.14646007417728946,-0.7472144018302211
2012-11-06,SHF,Colleton,,2012-11-06_SHF_Colleton,2,1,201,200,Marshall Morehead,Andy Strickland,0,0,1,3,31125.499999999996,16710,0.6219923611734757,-0.6931471805599453
2012-11-06,CCD,Colleton,23,2012-11-06_CCD_Colleton_23,2,0,202,203,David Stanfield,Phillip M Taylor,0,1,1,34,0,2525,-7.8343923029104365,-2.862200880929468
2012-11-06,HOU,,97,2012-11-06_HOU_97,2,0,205,204,Ed Carter,Patsy G Knight,0,1,70,73,54247.32,30763.79,0.5672011699685324,-0.04138521616285473
2012-11-06,HOU,,62,2012-11-06_HOU_62,2,0,207,206,Ronald Reese Page,Robert Williams,0,1,5,180,3983,16880,-1.4439023893969,-3.406737562037771
2012-11-06,SEN,,36,2012-11-06_SEN_36,2,1,208,209,Leon Winn,Kevin L Johnson,0,0,2,464,6041.37,61822.79,-2.3254919227549813,-5.043425116919246
2012-11-06,HOU,,57,2012-11-06_HOU_57,2,1,210,211,Eric Fry,J Wayne George,0,0,14,38,2150,39650,-2.9141833181581864,-0.9555114450274362
2012-11-06,SEN,,28,2012-11-06_SEN_28,2,1,213,212,Greg Hembree,Butch Johnson,0,0,403,43,95201,1244.9,4.336142789657328,2.2172252440428895
2012-11-06,HOU,,63,2012-11-06_HOU_63,2,0,215,214,Kris Crawford,Austin Smith,1,0,89,141,53550,2880,2.9224970147533273,-0.45601738727099583
2012-11-06,USH,,4,2012-11-06_USHOU_4,2,0,216,217,Trey Gowdy,Deb Morrow,1,0,591,35,247231.12,2840,4.4661715495457095,2.7999876964278956
2012-11-06,SEN,,7,2012-11-06_SEN_7,2,1,219,218,Jane Kizer,Karl B Allen,0,0,0,50,11334.09,51089.12,-1.5056879081993966,-3.9318256327243257
2012-11-06,SEN,,12,2012-11-06_SEN_12,2,0,220,221,Lee Bright,Henri Thompson,1,0,520,21,202331.1,7924,3.2398880870575724,3.164707588395051
2012-11-06,CLR,Greenwood,,,,,223,222,Angie Woodhurst,Felicia Kinard Moton,,,12,1,,,,1.8718021769015913
2012-11-06,HOU,,14,2012-11-06_HOU_14,2,0,225,224,Mike Pitts,Ed Taylor,1,0,183,150,52489.12,16327.67,1.1677025029387007,0.19765592079406158
2012-11-06,CCD,Horry,10,2012-11-06_CCD_Horry_10,2,0,226,227,Jody Prince,Kenneth Robinson,1,0,112,22,1000,25,3.6506582412937383,1.5918936027831911
2012-11-06,HOU,,104,2012-11-06_HOU_104,2,0,229,228,Tracy R Edge,Charles Randall,1,0,195,51,4550,3373.8,0.2990109257251703,1.3268709406490893
2012-11-06,CLR,Jasper,,,,,233,230,Kim Thomas,Margaret Bostick,0,1,36,10,,,,1.2130226398458537
2012-11-06,JPR,Jasper,,2012-11-06_JPRB_Jasper,2,0,232,231,Brenda Horton,Buster Kleckley,1,0,5,6,0,0,0,-0.15415067982725827
2012-11-06,HOU,,52,2012-11-06_HOU_52,2,0,235,234,David Herndon,Laurie Slade Funderburk,0,1,15,15,5050,104535.92,-3.0299540669581013,0
2012-11-06,SEN,,35,2012-11-06_SEN_35,2,1,237,236,Tony Barwick,Thomas McElveen,0,0,39,47,179355.38,212184.79,-0.16808748256264394,-0.1823215567939549
2012-11-06,SHF,Lancaster,,2012-11-06_SHF_Lancaster,2,0,239,238,Scott R Case,Barry Faile,0,1,70,770,4540,44740.83,-2.2877616061047465,-2.3850084965220137
2012-11-06,CCD,Lancaster,5,2012-11-06_CCD_Lancaster_5,2,1,240,241,Steve Harper,Kathy G Sistare,0,0,30,323,3725,350,2.362304327695668,-2.3467563113071828
2012-11-06,HOU,,44,2012-11-06_HOU_44,2,1,242,243,Ryan Payne,Mandy Powers Norrell,0,0,41,55,15859.12,60784.77,-1.3435479331440714,-0.28768207245178123
2012-11-06,HOU,,53,2012-11-06_HOU_53,2,0,244,245,Richie Yow,Ted Martin Vick,0,1,59,1,22590,61589.15,-1.002950358281204,3.401197381662155
2012-11-06,CLR,Lexington,,,,,246,247,Beth A Carrigg,Joan Waggoner Guy,,,38,10,,,,1.2656663733312756
2012-11-06,SEN,,20,2012-11-06_SEN_20,2,0,249,248,John Courson,Robert Rikard,1,0,776,98,289845.14,128028.64,0.8170884308508555,2.0603205002330576
2012-11-06,HOU,,69,2012-11-06_HOU_69,2,0,250,251,Rick Quinn,Robert Bob Vanlue,1,0,120,5,38444.12,813,3.8550266828010464,3.0040310763686864
2012-11-06,CTRES,Newberry,,,,,253,252,Jackie W Haltiwanger,Karen D Lindler,0,0,6,33,,,,-1.5804503755608483
2012-11-06,CCD,Newberry,1,2012-11-06_CCD_Newberry_1,2,0,254,255,Scott Cain,Tim Carroll,1,0,29,120,2670,1300,0.7193197345974562,-1.3945931639345859
2012-11-06,HOU,,1,2012-11-06_HOU_1,2,0,256,259,Bill Whitmire,John W Hester,1,0,118,34,19599.12,,,1.223775431622116
2012-11-06,CCD,Oconee,4,2012-11-06_CCD_Oconee_4,2,0,257,258,Joel R Thrift,Jack T Collins,1,0,587,85,0,0,0,1.9223796516451195
2012-11-06,CCD,Orangeburg,4,2012-11-06_CCD_Orangeburg_4,2,0,261,260,Charles Inglett,Heyward Livingston,0,1,9,78,2080,450,1.5291364868909554,-2.0668627594729756
2012-11-06,HOU,,78,2012-11-06_HOU_78,2,0,263,262,Joan Brady,Beth Bernstein,1,0,241,47,125681.23,190788.17,-0.41741225913148483,1.6177367152487956
2012-11-06,HOU,,76,2012-11-06_HOU_76,2,0,265,264,Chuck Hill,Leon Howard,0,1,14,87,2862.39,31958.23,-2.41245479040583,-1.7692866133759968
2012-11-06,HOU,,75,2012-11-06_HOU_75,2,1,267,266,Kirkman Finlay III,Joe McCulloch,0,0,36,58,257190.32,138712.43,0.6174100934190587,-0.46661953126149536
2014-11-04,GOV,,,2014-11-04_GOV,2,0,268,278,Nikki R Haley,Vincent Sheheen,1,0,28660,3792,,,,2.0223800509198675
2014-11-04,LGV,,,2014-11-04_LGV,2,1,269,279,Henry McMaster,Bakari Sellers,0,0,1286,1425,,,,-0.10255939337811437
2014-11-04,ATG,,,2014-11-04_ATG,2,0,270,280,Alan Wilson,Parnell Diggs,1,0,3781,201,,,,2.929740551817198
2014-11-04,SOS,,,2014-11-04_SOS,2,0,271,281,Mark Hammond,Ginny Deerin,1,0,472,254,,,,0.6178318433335068
2014-11-04,SSI,,,2014-11-04_SSI,2,1,272,282,Molly Mitchell Spearman,Tom Thompson,0,0,78,454,,,,-1.7508495664839288
2014-11-04,USSEN1,,0,2014-11-04_USSEN1_0,2,0,273,283,Lindsey Graham,Brad Hutto,1,0,11431,2078,,,,1.7045294317516895
2014-11-04,USSEN2,,2,2014-11-04_USSEN2_2,2,1,274,284,Tim Scott,Joyce Dickerson,0,0,5945,879,,,,1.910552096085791
2014-11-04,USH,,3,2014-11-04_USHOU_3,2,0,275,285,Jeff Duncan,Barbara Jo Mullis,1,0,941,69,229542.42,19459.16,2.467722906787582,2.5995100325270037
2014-11-04,HOU,,11,2014-11-04_HOU_11,2,0,276,277,Craig A Gagnon,Tombo Hite,1,0,51,21,38830,75415.75,-0.6638105021881806,0.8602012652231115
2014-11-04,CCD,Abbeville,1,2014-11-04_CCD_Abbeville_1,2,0,287,286,Ray Gunnells,Charlie Stone,0,1,3,16,0,0,0,-1.4469189829363256
2014-11-04,USH,,2,2014-11-04_USHOU_2,2,0,288,289,Joe Wilson,Phil Black,1,0,957,43,471171.76,,,3.0806581440525993
2014-11-04,HOU,,84,2014-11-04_HOU_84,2,1,291,290,Chris Corley,Rosie Berry,0,0,34,42,16938.88,20732.62,-0.20208593197444813,-0.20585205420414887
2014-11-04,USH,,6,2014-11-04_USHOU_6,2,0,293,292,Anthony Culler,James E Jim Clyburn,0,1,62,889,,237732.25,,-2.648086736334653
2014-11-04,CCD,Anderson,2,2014-11-04_CCD_Anderson_2,2,0,294,295,Larry Ray Bright,Gracie S Floyd,0,1,3,336,0,0,0,-4.433788569232471
2014-11-04,CCD,Anderson,1,2014-11-04_CCD_Anderson_1,2,0,297,296,Francis Crowder,Stuart Sprague,1,0,385,61,3459.28,12139,-1.2551562749804681,1.8287029844197393
2014-11-04,HOU,,90,2014-11-04_HOU_90,2,1,298,299,Travis Lee Avant,Justin Bamberg,0,0,5,22,57354.42,21743.12,0.9699239703631157,-1.3437347467010947
2014-11-04,CCD,Bamberg,3,2014-11-04_CCD_Bamberg_3,2,0,300,301,Jim Blackwell,Larry Haynes,0,1,5,26,600,2545,-1.4436838445821447,-1.5040773967762742
2014-11-04,CCD,Bamberg,2,2014-11-04_CCD_Bamberg_2,2,0,303,302,Jeff Black,Alzena Robinson,0,1,4,66,600,0,6.398594934535208,-2.595254706956865
2014-11-04,HOU,,102,2014-11-04_HOU_102,2,0,305,304,John Mondo,Joe Jefferson,0,1,9,35,344.85,15800,-3.8218233531049055,-1.280933845462064
2014-11-04,HOU,,15,2014-11-04_HOU_15,2,0,307,306,Samuel Rivers,Marian Redish,1,0,96,11,38704.14,5681,1.9186691243218714,2.0898043287153825
2014-11-04,HOU,,108,2014-11-04_HOU_108,2,0,309,308,Stephen L Goldfinch,Vida Miller,1,0,266,151,61332.55,75800.96,-0.2117971482904828,0.5633681375539732
2014-11-04,HOU,,94,2014-11-04_HOU_94,2,0,310,311,Jenny Horne,Damian Daly,1,0,223,7,97486.92,,,3.332204510175204
2014-11-04,CCD,Charleston,8,2014-11-04_CCD_Charleston_8,2,0,312,314,Thomas Legare,Anna B Johnson,0,1,79,330,600,12017.2,-2.9955825119243045,-1.4200917407031817
2014-11-04,HOU,,116,2014-11-04_HOU_116,2,0,,313,,Robert L Brown,,1,,244,,20939.14,,
2014-11-04,HOU,,119,2014-11-04_HOU_119,2,0,316,315,Chris Cannon,Leon Stavrinakis,0,1,16,418,5488.22,106301.85,-2.963505926976124,-3.2046575758659213
2014-11-04,USH,,5,2014-11-04_USHOU_5,2,0,317,318,Mick Mulvaney,Tom Adams,1,0,1057,136,285481.5,28776.86,2.2945743897433175,2.0441546865901197
2014-11-04,USH,,,,,,,319,,Gloria Bromell-Tinubu,,0,,75,,,,
2014-11-04,JPR,Chesterfield,,2014-11-04_JPRB_Chesterfield,2,1,322,320,Ralph Watson,Gail Ingram,0,0,11,22,7188,2525,1.0459150560734356,-0.6505875661411493
2014-11-04,USH,,7,2014-11-04_USHOU_7,2,0,321,,Tom Rice,,1,,747,,629564,,,
2014-11-04,HOU,,53,2014-11-04_HOU_53,2,1,325,323,Richie Yow,Amy M Brown,0,0,22,48,25484.45,9125,1.02698021857646,-0.7563260821814768
2014-11-04,CCD,Chesterfield,4,2014-11-04_CCD_Chesterfield_4,2,0,326,324,Todd Smallwood,Douglas Curtis,0,1,6,49,902.34,2536.24,-1.0327331497939527,-1.9661128563728327
2014-11-04,CCD,Chesterfield,8,2014-11-04_CCD_Chesterfield_8,2,0,328,327,Stan Crawford,Mary Anderson,0,1,4,10,1150,4000,-1.2459132001353526,-0.7884573603642704
2014-11-04,HOU,,64,2014-11-04_HOU_64,2,0,330,329,Robert A McFadden,Robert L Ridgeway III,0,1,12,24,1129.28,6749.14,-1.7870978557695034,-0.6539264674066638
2014-11-04,HOU,,101,2014-11-04_HOU_101,2,1,332,331,Al Smith,Cezar McKnight,0,0,49,69,10302.45,9475,0.08371650431164568,-0.3364722366212134
2014-11-04,HOU,,62,2014-11-04_HOU_62,2,0,334,333,Chippy Johnson,Robert Williams,0,1,15,168,,27359.14,,-2.3573099926832923
2014-11-04,HOU,,98,2014-11-04_HOU_98,2,0,336,335,Chris Murphy,Rebekah Patrick,1,0,131,11,69836,826,4.436114539240725,2.3978952727983702
2014-11-04,CCD,Edgefield,3,2014-11-04_CCD_Edgefield_3,2,0,337,338,Dean Campbell,Michael John Key,1,0,77,1,1300,0,7.170888478512505,3.6635616461296463
2014-11-04,CCD,Edgefield,5,2014-11-04_CCD_Edgefield_5,2,0,339,340,Genia Blackwell,Mack A Thomas,1,0,33,2,160,0,5.081404364984463,2.4277482359480516
2014-11-04,AUD,Florence,,,,,342,341,Betty B Dowling,H Wayne Joye,,,18,24,,,,-0.2744368457017603
2014-11-04,HOU,,61,2014-11-04_HOU_61,2,1,343,344,Raleigh O Ward,Roger K Kirby,0,0,18,24,12100,42132.26,-1.247549358720887,-0.2744368457017603
2014-11-04,HOU,,22,2014-11-04_HOU_22,2,0,345,346,Wendy Nanney,Dan Ruck,1,0,53,0,13774.14,,,3.9889840465642745
2014-11-04,HOU,,20,2014-11-04_HOU_20,2,0,347,348,Dan Hamilton,Jon Eames,1,0,41,1,50694.97,687.53,4.29904280903633,3.044522437723423
2014-11-04,CCD,Greenville,26,2014-11-04_CCD_Greenville_26,2,0,349,350,Lynn W Ballard,Windell Rodgers,1,0,15,8,0,6855,-8.832879460277615,0.5753641449035616
2014-11-04,HOU,,12,2014-11-04_HOU_12,2,0,352,351,Tony Wideman,Anne Parks,0,1,11,57,2015,15788.63,-2.058238045231634,-1.5755363607584187
2014-11-04,CCD,Horry,7,2014-11-04_CCD_Horry_7,2,0,353,354,Mike Roberts,James R Frazier,0,1,23,198,12225,3250,1.3246021902847644,-2.1152509943765465
2014-11-04,CCD,Horry,1,2014-11-04_CCD_Horry_1,2,0,356,355,Harold Worley,Roberta Kuntz,1,0,200,3,0,0,0,3.917010546939185
2014-11-04,JPR,Kershaw,,2014-11-04_JPRB_Kershaw,2,1,359,357,Debbie Branham,David Reuwer,0,0,0,0,16022.9,8630,0.6187209844674815,0
2014-11-04,CCD,Kershaw,5,2014-11-04_CCD_Kershaw_5,2,1,358,360,Dennis G Arledge,Jimmy Jimbo Crissman,0,0,1,0,4525,3200,0.3463752862236209,0.6931471805599453
2014-11-04,CCD,Kershaw,6,2014-11-04_CCD_Kershaw_6,2,0,362,361,Tom Gardner,Thomas Gordon,1,0,6,3,1599.9999999999998,395,1.3969695017422339,0.5596157879354227
2014-11-04,JPR,Lancaster,,2014-11-04_JPRB_Lancaster,2,0,363,364,Jerry L Holt,Sandy Estridge,0,1,103,24,0,3380.9999999999995,-8.126222529458525,1.425515074273172
2014-11-04,CCD,Lancaster,4,2014-11-04_CCD_Lancaster_4,2,0,365,366,John W Hess,Larry Honeycutt,0,1,22,321,3229.26,5493.2,-0.5311303610085787,-2.639057329615259
2014-11-04,CCD,Laurens,4,2014-11-04_CCD_Laurens_4,2,0,367,368,Stewart Jones,Jim Coleman,0,1,0,16,2420.42,4125,-0.5329542697071883,-2.833213344056216
2014-11-04,HOU,,42,2014-11-04_HOU_42,2,0,369,370,David Tribble,Mike Anthony,0,1,38,372,16442.56,34498,-0.7409964269122682,-2.2580167735141696
2014-11-04,HOU,,87,2014-11-04_HOU_87,2,0,371,372,Todd Atwater,Joan Waggoner Guy,1,0,72,5,69830.12,2177.15,3.4676038630183417,2.498699971920336
2014-11-04,HOU,,69,2014-11-04_HOU_69,2,0,373,374,Rick Quinn,Robert Louis Vanlue,1,0,193,5,12914.14,904.72,2.657425338075268,3.4760986898352733
2014-11-04,HOU,,40,2014-11-04_HOU_40,2,0,376,375,Richard Martin,Walt McLeod,0,1,43,134,8056.74,42630,-1.6659485679833086,-1.1210851445201686
2014-11-04,HOU,,78,2014-11-04_HOU_78,2,0,377,378,Jeff Mobley,Beth Bernstein,0,1,15,112,10093.37,92446.89,-2.214667291739884,-1.9547990964725597
2014-11-04,HOU,,75,2014-11-04_HOU_75,2,0,379,380,Kirkman Finlay III,Joe McCulloch,1,0,23,149,217583.65,113025.81,0.6549629230055469,-1.8325814637483098
2014-11-04,CCD,Richland,11,2014-11-04_CCD_Richland_11,2,0,382,381,Don Weaver,Norman Jackson,0,1,75,477,7445,13350,-0.5839143129574325,-1.8388773922051254
2014-11-04,HOU,,33,2014-11-04_HOU_33,2,0,384,383,Eddie Tallon,Shelia Antley Counts,1,0,121,2,83644.14,727.95,4.74273346295336,3.7054087560651467
2014-11-04,HOU,,32,2014-11-04_HOU_32,2,0,385,386,Derham Cole,Matt Iyer,1,0,216,6,49924.14,3198.02,2.747680170602683,3.4339872044851463
2014-11-04,HOU,,34,2014-11-04_HOU_34,2,0,387,388,Mike Forrester,Michael R Thompson,1,0,87,227,76966.42,,,-0.9520088144762342
2014-11-04,COR,Union,,,,,389,391,Scott Lewis,William E Holcombe,,,99,70,,,,0.34249030894677635
2014-11-04,JPR,Union,,2014-11-04_JPRB_Union,2,1,390,392,William D All III,Calvin Payton,0,0,60,17,1651.12,800,0.7239536435996445,1.2205021062771468
2014-11-04,CCD,Union,1,2014-11-04_CCD_Union_1,2,0,393,394,Randy English,Joan Little,0,1,7,44,0,150,-5.017279836814924,-1.7272209480904839
2014-11-04,CCD,York,3,2014-11-04_CCD_York_3,2,0,395,396,Robert Winkler,Steve A Love,1,0,121,50,6894.72,8813.09,-0.2454506481067753,0.872195412008931
2014-11-04,HOU,,48,2014-11-04_HOU_48,2,0,397,398,Ralph W Norman,Barry McGrew,1,0,210,14,18349.14,,,2.6438079323738566
2014-11-04,HOU,,49,2014-11-04_HOU_49,2,0,399,400,Robert Bobby Walker,John R King,0,1,10,165,16898,22865,-0.30239664253909204,-2.714092515558173
2016-11-08,PRS,,,2016-11-08_PRS,2,1,401,405,Donald J Trump,Hillary Rodham Clinton,0,0,13237,12021,,,,0.09635317707976121
2016-11-08,USS,,,2016-11-08_USSEN,2,0,402,406,Tim Scott,Thomas Dixon,1,0,7991,428,,,,2.9247394014003723
2016-11-08,USH,,3,2016-11-08_USHOU_3,2,0,403,407,Jeff Duncan,Hosea Cleveland,1,0,894,49,219886.89,1693.11,4.865960296371087,2.8848007128467095
2016-11-08,SEN,,10,2016-11-08_SEN_10,2,0,404,408,J Bryan Hope,Floyd Nicholson,0,1,20,301,4515,63832.94,-2.648658377536462,-2.6659045796514467
2016-11-08,CCD,Abbeville,4,2016-11-08_CCD_Abbeville_4,2,0,410,409,Harold Prince,Billy Norris,0,1,3,14,143,0,4.969813299576001,-1.3217558399823195
2016-11-08,CCD,Abbeville,5,2016-11-08_CCD_Abbeville_5,2,0,411,412,Kristi Smith Grigsby,James P McCord,0,1,2,15,100,-0.2999999999999545,4.971795460779927,-1.6739764335716714
2016-11-08,CCD,Abbeville,6,2016-11-08_CCD_Abbeville_6,2,0,413,414,Rick Campbell,Joseph E Cade,1,0,21,6,0,0,0,1.1451323043030028
2016-11-08,USH,,2,2016-11-08_USHOU_2,2,0,415,417,Joe Wilson,Arik Bjorn,1,0,773,140,396883.81,53426.06,2.0053287282626737,1.702811983211559
2016-11-08,SHF,Aiken,,2016-11-08_SHF_Aiken,2,0,416,418,Mike Hunt,Henry Sims Hank,1,0,15,17,10600,11118.8,-0.04777896675822291,-0.11778303565638337
2016-11-08,SEN,,26,2016-11-08_SEN_26,2,0,419,420,Brad Lindsey,Nikki Setzler,0,1,33,723,15317.02,195836.38,-2.5482547078264677,-3.0584308677695544
2016-11-08,USH,,6,2016-11-08_USHOU_6,2,0,422,421,Laura Sterling,James E Jim Clyburn,0,1,59,1183,,256980.73,,-2.9823092532218505
2016-11-08,CCD,Allendale,4,2016-11-08_CCD_Allendale_4,2,0,423,424,James All,Reggie McMillan,1,0,3,0,0,0,0,1.3862943611198906
2016-11-08,CCD,Anderson,2,2016-11-08_CCD_Anderson_2,2,0,426,425,Larry Bright,Gracie S Floyd,0,1,37,317,0,0,0,-2.1244652230537913
2016-11-08,HOU,,9,2016-11-08_HOU_9,2,0,427,428,Anne Thayer,Mary Geren,1,0,122,29,34327.16,10660,1.1693737856282258,1.4109869737102616
2016-11-08,CCD,Anderson,1,2016-11-08_CCD_Anderson_1,2,0,429,430,Craig Wooten,Liz Carey,1,0,25,58,9000,0,9.105090961257085,-0.8194409058842376
2016-11-08,HOU,,10,2016-11-08_HOU_10,2,0,431,432,Joshua A Putnam,Anna Brown,1,0,106,67,12900,100,4.849939589883877,0.4533211292857988
2016-11-08,HOU,,8,2016-11-08_HOU_8,2,0,433,434,Jonathon Hill,Barbara Jo Mullis,1,0,135,30,27403.16,6276.12,1.473783550121885,1.478667681250906
2016-11-08,HOU,,90,2016-11-08_HOU_90,2,0,435,436,Dan Lawrence,Justin Bamberg,0,1,23,306,770.5,104355.76,-4.907234020587578,-2.548793917239251
2016-11-08,SHF,Barnwell,,2016-11-08_SHF_Barnwell,2,0,437,438,Ed Carroll,Willie Walker,1,0,154,9,14915,3400,1.4783649562915162,2.740840023925201
2016-11-08,USH,,1,2016-11-08_USHOU_1,2,0,442,439,Mark Sanford,Dimitri Cherny,1,0,1721,64,346053,26711.9,2.5614482374481913,3.276854415092039
2016-11-08,HOU,,121,2016-11-08_HOU_121,2,1,443,440,James Broderick,Michael F Rivers,0,0,17,99,5800,3600,0.4768187318171879,-1.7147984280919273
2016-11-08,CCD,Beaufort,3,2016-11-08_CCD_Beaufort_3,2,1,444,441,Wyman Haigler,York L Glover,0,0,11,18,0,3231,-8.080856419640986,-0.4595323293784399
2016-11-08,HOU,,124,2016-11-08_HOU_124,2,0,446,445,Shannon Erickson,Bobby Green,1,0,204,10,41079.16,4100,2.3042944334821875,2.925114706340038
2016-11-08,HOU,,100,2016-11-08_HOU_100,2,0,447,448,Sylleste Davis,Tonia Aiken-Taylor,1,0,19,19,30620.15,2847,2.375073953126744,0
2016-11-08,HOU,,15,2016-11-08_HOU_15,2,0,449,450,Samuel Rivers,K J Kearney,1,0,59,10,46800,1392,3.5144448754190183,1.6964492894237297
2016-11-08,CTRES,Charleston,,,,,451,453,Andrew C Smith,Mary Tinkler,1,0,237,227,,,,0.042925044717033956
2016-11-08,AUD,Charleston,,,,,452,454,Elizabeth Moffly,Peter J Tecklenburg,0,1,578,43,,,,2.5771128436547346
2016-11-08,HOU,,94,2016-11-08_HOU_94,2,1,455,456,Katie Arrington,Damian Daly,0,0,28,7,73123,1226,4.087584464516065,1.2878542883066384
2016-11-08,HOU,,116,2016-11-08_HOU_116,2,0,,457,,Robert L Brown,,1,,211,,33690.24,,
2016-11-08,HOU,,110,2016-11-08_HOU_110,2,1,458,459,William S Cogswell,Alice Wakefield,0,0,67,16,74599.02,1661.74,3.803673931275098,1.3862943611198908
2016-11-08,HOU,,119,2016-11-08_HOU_119,2,0,461,460,Lee Edwards,Leon Stavrinakis,0,1,70,451,2050,99017.34,-3.876977606412469,-1.8510023027909162
2016-11-08,CCD,Charleston,7,2016-11-08_CCD_Charleston_7,2,1,462,463,Brantley Moody,Ruth Jordan,0,0,28,21,20197,3225,1.8343406099013482,0.2762533766281581
2016-11-08,HOU,,114,2016-11-08_HOU_114,2,1,464,465,Lin Bennett,Bob Aubin,0,0,32,6,14531.92,1558,2.2323718308398313,1.550597412411167
2016-11-08,USH,,5,2016-11-08_USHOU_5,2,0,466,467,Mick Mulvaney,Fran Person,1,0,955,241,186162.75,208248,-0.11210781636132161,1.3738201868947142
2016-11-08,CCD,Cherokee,6,2016-11-08_CCD_Cherokee_6,2,1,468,469,David Smith,Billy R Short,0,0,31,13,2850.75,0,7.955688119908007,0.8266785731844681
2016-11-08,CCD,Cherokee,4,2016-11-08_CCD_Cherokee_4,2,0,471,470,Tim Spencer,Terrance Smith,1,0,118,14,850,250,1.220959189441591,2.0710732920093196
2016-11-08,CCD,Chester,4,2016-11-08_CCD_Chester_4,2,0,477,472,Pete Wilson,John Wayne Holcombe,0,1,24,98,4419.49,0,8.394005828655764,-1.3762440252663892
2016-11-08,SHF,Chester,,2016-11-08_SHF_Chester,2,0,475,473,Richard Smith,Alex Underwood,0,1,114,694,9960,4925,0.7041501684646807,-1.7989797172015418
2016-11-08,SEN,,17,2016-11-08_SEN_17,2,1,476,474,Mark Palmer,Mike Fanning,0,0,99,283,24460.5,89430.22,-1.29636938522928,-1.0438040521731144
2016-11-08,USH,,7,2016-11-08_USHOU_7,2,0,478,479,Tom Rice,Mal Hyman,1,0,617,47,374995.04,79922.13,1.5458501681770862,2.5552874465497992
2016-11-08,CCD,Chesterfield,5,2016-11-08_CCD_Chesterfield_5,2,1,480,481,Johnny McKenzie,Ben Teal,,,0,5,0,0,0,-1.791759469228055
2016-11-08,HOU,,53,2016-11-08_HOU_53,2,0,482,483,Richie Yow,Victor K Li,1,0,100,35,32114.16,63705,-0.6849505568721987,1.0316015783851498
2016-11-08,CCD,Chesterfield,7,2016-11-08_CCD_Chesterfield_7,2,1,484,485,Steve Chewning,Ralph Watson,0,0,0,13,3224.9999999999995,500,1.862392157600289,-2.6390573296152584
2016-11-08,HOU,,54,2016-11-08_HOU_54,2,0,486,487,J D Chaplin,Patricia Pat Moore Henegan,0,1,7,4,9951,37229.16,-1.3193456494880227,0.47000362924573547
2016-11-08,SEN,,36,2016-11-08_SEN_36,2,0,490,488,Leon Winn,Kevin L Johnson,0,1,52,517,6720.61,113464.75,-2.826173320094684,-2.279683328707361
2016-11-08,CCD,Clarendon,2,2016-11-08_CCD_Clarendon_2,2,0,491,489,Joe Witt,A C English,0,1,0,0,870,4050.27,-1.5371437143389866,0
2016-11-08,SHF,Colleton,,2016-11-08_SHF_Colleton,2,0,492,493,Andy Strickland,Otis L Rhodes,1,0,31,18,51930,1446.83,3.579850030606222,0.5212969236332863
2016-11-08,CTRES,Darlington,,,,,494,495,Jeff Robinson,Robin Slater Edwards,0,1,11,7,,,,0.4054651081081646
2016-11-08,CCD,Dillon,1,2016-11-08_CCD_Dillon_1,2,0,496,497,Sarita Bethea,James Hoghead Campbell,0,1,2,7,150,0,5.017279836814924,-0.980829253011726
2016-11-08,HOU,,57,2016-11-08_HOU_57,2,1,499,498,Ethan Brown,Lucas Atkinson,0,0,32,25,5534,22945,-1.4220520632163502,0.2384110234449981
2016-11-08,COR,Dorchester,,,,,500,501,Paul Brouthers,Randy R Brown,,,23,55,,,,-0.8472978603872039
2016-11-08,SHF,Edgefield,,2016-11-08_SHF_Edgefield,2,0,504,502,Michael J Raffield,Adell Dobey,0,1,2,18,1255,4057.7599999999998,-1.1729454401986263,-1.8458266904983305
2016-11-08,CLR,Edgefield,,,,,503,505,Charles Sonny Reel,Monica Pinckney Mims,1,0,2,0,,,,1.0986122886681098
2016-11-08,CCD,Edgefield,3,2016-11-08_CCD_Edgefield_3,2,0,506,,Dean Campbell,,1,,70,,1000,,,
2016-11-08,SHF,Florence,,2016-11-08_SHF_Florence,2,0,507,508,Kenney Boone,Jody Lynch,1,0,311,15,37500,8934,1.4343914506760918,2.9704144655697013
2016-11-08,CCD,Florence,4,,,,510,509,Jerry W Yarborough,Mitchell Kirby,,1,7,84,370.6300000000001,9050,-3.192731792176277,-2.363209714810481
2016-11-08,SHF,Georgetown,,2016-11-08_SHF_Georgetown,2,0,514,511,A Lane Cribb,Darryel C Carr,1,0,173,19,46518,1301.8400000000001,3.5753143342390983,2.1633230256605382
2016-11-08,CTRES,Georgetown,,,,,512,513,Allison Sippel Peteet,Chelice Cox Waites,0,0,14,16,,,,-0.1251631429540061
2016-11-08,USH,,4,2016-11-08_USHOU_4,2,0,515,516,Trey Gowdy,Chris Fedalei,1,0,950,51,1196944.6,91222.12,2.5742198838502226,2.9062703439639628
2016-11-08,SEN,,7,2016-11-08_SEN_7,2,0,518,517,Glen L Robinson,Karl B Allen,0,1,4,113,4751,63337.1,-2.589921461757797,-3.126760535960395
2016-11-08,HOU,,16,2016-11-08_HOU_16,2,0,519,520,Mark N Willis,Brandon Greene,1,0,22,22,39019.16,,,0
2016-11-08,HOU,,12,2016-11-08_HOU_12,2,0,523,521,Jennings G McAbee,Anne Parks,0,1,13,86,3575.5,22870.88,-1.8555235398502283,-1.8268507890393253
2016-11-08,SHF,Greenwood,,2016-11-08_SHF_Greenwood,2,1,524,522,Dennis Kelly,Arnie Fisher,0,0,30,29,19120,2265,2.1327710449050077,0.03278982282299081
2016-11-08,HOU,,13,2016-11-08_HOU_13,2,1,525,526,John McCravy,Michael Gaskin,0,0,18,22,22879.18,1915.55,2.4797443388902147,-0.1910552367627094
2016-11-08,HOU,,58,2016-11-08_HOU_58,2,0,527,528,Jeff Johnson,John Ward,1,0,69,56,17255.21,,,0.2054439742148091
2016-11-08,CCD,Horry,3,2016-11-08_CCD_Horry_3,2,0,530,529,Dennis DiSabato,Jimmy Washington,0,1,62,81,13185,0,9.486910939673246,-0.2635845208727208
2016-11-08,CCD,Horry,4,2016-11-08_CCD_Horry_4,2,0,531,532,Gary Loftus,Robin Gause,1,0,229,10,6079,1820,1.205618895232604,3.040184036124825
2016-11-08,SHF,Jasper,,2016-11-08_SHF_Jasper,2,1,534,533,Duane Swygert,Chris Malphrus,0,0,41,30,3570.290000000001,1725,0.7271202823989125,0.30368241379822214
2016-11-08,CCD,Kershaw,2,2016-11-08_CCD_Kershaw_2,2,0,535,536,Gene Hartis,Sammie Tucker,0,1,1,3,2150,0,7.67368812926773,-0.6931471805599453
2016-11-08,SEN,,22,2016-11-08_SEN_22,2,1,537,538,Susan Brill,Mia McLeod,0,0,99,406,191615.46,245352.07,-0.2472025052057063,-1.4036429994545028
2016-11-08,CCD,Kershaw,1,2016-11-08_CCD_Kershaw_1,2,0,539,540,Al Bozard,Robert Bobby Gary,0,1,0,0,0,500,-6.2166061010848646,0
2016-11-08,SHF,Lancaster,,2016-11-08_SHF_Lancaster,2,0,542,541,Barry Faile,William Alexander McCoy III,1,0,718,7,45130,1832,3.20361540294547,4.498419816041212
2016-11-08,HOU,,45,2016-11-08_HOU_45,2,1,543,544,Brandon Newton,Tyler Mitchell,0,0,95,66,26181.81,23613.01,0.10326290860209042,0.3596555720768704
2016-11-08,COR,Laurens,,,,,546,545,William Weir,F G Nick Nichols,,,6,104,,,,-2.7080502011022096
2016-11-08,HOU,,42,2016-11-08_HOU_42,2,0,548,547,Tommy Mann,Mike Anthony,0,1,62,123,4407.64,33298.32,-2.0219707244833796,-0.6771468392135045
2016-11-08,HOU,,39,2016-11-08_HOU_39,2,1,549,550,Cal Forrest,Tillman Gives,0,0,35,28,60275,310,5.266896381358811,0.21622310846963577
2016-11-08,HOU,,89,2016-11-08_HOU_89,2,1,551,552,Micah Caskey,Rosemounda Peggy Butler,0,0,61,35,42566.98,2405.79,2.8728084179964988,0.5436154465889818
2016-11-08,HOU,,96,2016-11-08_HOU_96,2,0,553,554,Kit Spires,Robert L Vanlue,1,0,43,9,25060,625.42,3.6890470592366613,1.4816045409242151
2016-11-08,SHF,Marion,,2016-11-08_SHF_Marion,2,1,556,555,Lavon Rhames,Brian Wallace,0,0,3,80,3585.96,3250,0.09834240578621589,-3.0081547935525483
2016-11-08,HOU,,40,2016-11-08_HOU_40,2,1,557,562,Rick Martin,Carlton Kinard,0,0,58,29,16947.92,8366.11,0.7058955708686767,0.6763400622435642
2016-11-08,CCD,Newberry,5,2016-11-08_CCD_Newberry_5,2,0,558,563,Les Hipp,Harriett L Rucker,1,0,45,6,3385,550,1.8156697535401651,1.8827312474337818
2016-11-08,SHF,Newberry,,2016-11-08_SHF_Newberry,2,0,566,559,David Beddingfield,Lee Foster,0,1,21,448,100,18191.22,-5.193628792303728,-3.0159804343839385
2016-11-08,CLR,Newberry,,,,,560,564,Rick Lail,Elizabeth Folk,0,0,13,8,,,,0.44183275227903884
2016-11-08,COR,Newberry,,,,,561,565,Laura Kneece,Lewis Lee,,,14,357,,,,-3.1724827852984903
2016-11-08,HOU,,75,2016-11-08_HOU_75,2,0,568,567,Kirkman Finlay III,Tyler Gregg,1,0,15,35,160530.07,42455.91,1.3299978271388593,-0.8109302162163288
2016-11-08,CCD,Richland,8,2016-11-08_CCD_Richland_8,2,0,570,569,Todd Phillips,Jim Manning,0,1,15,281,4227.99,26745,-1.8444217355882557,-2.8693183486983327
2016-11-08,CCD,Richland,7,2016-11-08_CCD_Richland_7,2,1,,571,,Gwen Kennedy,,0,,38,,7973,,
2016-11-08,HOU,,79,2016-11-08_HOU_79,2,1,572,573,Donald Miles,Ivory Thigpen,0,0,25,57,10134,31580,-1.1365608940333338,-0.802346472524937
2016-11-08,SHF,Saluda,,2016-11-08_SHF_Saluda,2,0,574,577,Robin Freeman,John C Perry,0,1,11,29,6140.889999999999,3900,0.4538995818579945,-0.9162907318741551
2016-11-08,COR,Saluda,,,,,575,576,Randall Maffett,Keith Turner,,,1,32,,,,-2.803360380906535
2016-11-08,CCD,Saluda,2,2016-11-08_CCD_Saluda_2,2,0,578,579,DJ David Miller,William Billie Pugh,1,0,1,3,0,0,0,-0.6931471805599453
2016-11-08,HOU,,31,2016-11-08_HOU_31,2,0,580,582,Michael A Fowler,Harold Mitchell,0,1,111,105,3033.96,33622.81,-2.4050362021082314,0.055059777183027236
2016-11-08,SEN,,11,2016-11-08_SEN_11,2,0,581,583,Cornelius D Huff,Glenn Reese,0,1,65,146,10593.6,120007.36,-2.427216969671914,-0.8007778447523108
2016-11-08,HOU,,37,2016-11-08_HOU_37,2,0,584,585,Steven Long,Michael Pratt,1,0,46,24,23877,2075,2.442514567619555,0.6312717768418579
2016-11-08,HOU,,34,2016-11-08_HOU_34,2,0,587,586,Mike Forrester,Luke Quillen,1,0,41,13,38494.89,5593.06,1.9288461618485861,1.09861228866811
2016-11-08,CCD,Sumter,3,2016-11-08_CCD_Sumter_3,2,0,589,588,Jimmy Byrd,Patty L Wilson,1,0,0,1,10238,2600,1.3703079721261657,-0.6931471805599453
2016-11-08,SHF,Union,,2016-11-08_SHF_Union,2,0,590,592,Jeff D Bailey,David H Taylor,0,1,38,652,6609.25,7939.629999999999,-0.1833711425685678,-2.8180154831467847
2016-11-08,CLR,Union,,,,,593,591,Amy Austin,Melanie Lawson,,,101,22,,,,1.489478597355121
2016-11-08,CCD,Union,3,2016-11-08_CCD_Union_3,2,0,594,595,David E Sinclair,Tommy E Ford,0,1,35,111,100,0,4.61512051684126,-1.1349799328389842
2016-11-08,HOU,,26,2016-11-08_HOU_26,2,0,596,597,Raye Felder,Jim Thompson,1,0,101,52,21391.96,1802,2.4736099517208627,0.6546808997321487
2016-11-08,CCD,York,1,2016-11-08_CCD_York_1,2,0,598,599,Michael Johnson,Keith D Brann,1,0,561,12,9125,0,9.118882761487347,3.766552492432154
2018-11-06,GOV,,,2018-11-06_GOV,2,0,605,600,Henry McMaster,James Smith,1,0,10834,2633,,,,1.4142780316672336
2018-11-06,ATG,,,2018-11-06_ATG,2,0,606,601,Alan Wilson,Constance Anastopoulo,1,0,3654,155,,,,3.1539953649343415
2018-11-06,SOS,,,2018-11-06_SOS,2,0,607,602,Mark Hammond,Melvin T Whittenburg,1,0,409,79,,,,1.6341305250244726
2018-11-06,USH,,3,2018-11-06_USHOU_3,2,0,608,603,Jeff Duncan,Mary Geren,1,0,1086,245,265351.41,299533.94,-0.12117228027623028,1.4858453511888472
2018-11-06,HOU,,11,2018-11-06_HOU_11,2,0,609,604,Craig A Gagnon,Devon D Smith,1,0,36,29,32506.76,18889.41,0.5428244441821359,0.2097205309820689
2018-11-06,CCD,Abbeville,7,2018-11-06_CCD_Abbeville_7,2,0,610,611,Drew Simpson,Bryan McClain,0,1,3,55,0,0,0,-2.639057329615259
2018-11-06,CCD,Abbeville,1,2018-11-06_CCD_Abbeville_1,2,1,613,612,Jason Bonds,John Parkman,0,0,7,7,655,200,1.182855880885013,0
2018-11-06,USH,,2,2018-11-06_USHOU_2,2,0,614,616,Joe Wilson,Sean Carrigan,1,0,937,135,293516.85,131516.33,0.8027998251291244,1.9310950632701722
2018-11-06,HOU,,81,2018-11-06_HOU_81,2,0,615,617,Bart Blackwell,Elise Fox,1,0,76,52,26487.36,15350,0.5455247727216257,0.37351350830156216
2018-11-06,HOU,,84,2018-11-06_HOU_84,2,0,618,619,Ronnie Young,Jennifer Cook Lariscey,1,0,149,12,23868.2,1670,2.659166675303622,2.445685936634719
2018-11-06,CCD,Aiken,5,2018-11-06_CCD_Aiken_5,2,0,621,620,Sandy Haskell,Juanita Hall,1,0,79,13,300,650.0000000000001,-0.7713993774596943,1.7429693050586228
2018-11-06,CCD,Aiken,2,2018-11-06_CCD_Aiken_2,2,0,622,623,Camille Furgiuele,Debra A Larke,1,0,134,20,10843.2,592,2.906191254829581,1.8607523407150066
2018-11-06,USH,,6,2018-11-06_USHOU_6,2,0,625,624,Gerhard R Gressmann,James E Jim Clyburn,0,1,23,657,8429.28,173088.84,-3.021980779891738,-3.3111511009773715
2018-11-06,CCD,Anderson,2,2018-11-06_CCD_Anderson_2,2,0,626,627,Larry Ray Bright,Gracie S Floyd,0,1,3,182,0,0,0,-3.8231917917215306
2018-11-06,HOU,,10,2018-11-06_HOU_10,2,1,628,629,West Cox,Lucy Hoffman,0,0,24,5,20688.92,20132.13,0.02727990826384108,1.4271163556401456
2018-11-06,CTRES,Barnwell,,,,,631,630,Sandy Cochran,Megan E Croft,0,1,7,9,,,,-0.22314355131421015
2018-11-06,CCD,Barnwell,2,2018-11-06_CCD_Barnwell_2,2,0,633,632,Larry Hutto,David Kenner,0,1,5,91,1670,125,2.5848956216439154,-2.7300291078209855
2018-11-06,USH,,1,2018-11-06_USHOU_1,2,1,636,634,Katie Arrington,Joe Cunningham,0,0,743,443,1064979.64,1850118.28,-0.5522934920950391,0.5162164724008669
2018-11-06,JPR,Beaufort,,2018-11-06_JPRB_Beaufort,2,0,637,635,Kenneth Fulp,Vernell I Scott,1,0,6,3,5568.98,0,8.62514674225061,0.5596157879354227
2018-11-06,HOU,,120,2018-11-06_HOU_120,2,0,639,638,Weston Newton,Ryan Martz,1,0,210,6,74534.04,1082.75,4.230842101270264,3.405947984420753
2018-11-06,HOU,,123,2018-11-06_HOU_123,2,0,640,642,Jeff Bradley,Mario Martinez,1,0,59,8,41570.18,6978.54,1.784424126693045,1.8971199848858809
2018-11-06,CCD,Beaufort,9,2018-11-06_CCD_Beaufort_9,2,1,641,643,Mark Lawson,Mark McGinnis,0,0,30,16,2862.8500000000004,5315,-0.6185542674258571,0.6007738604289301
2018-11-06,CCD,Beaufort,10,2018-11-06_CCD_Beaufort_10,2,1,645,644,Lawrence McElynn,Cathy A McClellan,0,0,18,6,598.3600000000001,5121,-2.1454378475037474,0.998528830111127
2018-11-06,CCD,Beaufort,8,2018-11-06_CCD_Beaufort_8,2,1,646,647,Chris Hervochon,Brenda M Brandt,0,0,21,5,1461.71,975.0499999999997,0.4045323439324786,1.299282984130261
2018-11-06,HOU,,102,2018-11-06_HOU_102,2,0,649,648,Terry Hardesty,Joe Jefferson,0,1,20,60,2532,22394.02,-2.1794342416958123,-1.0663514264498883
2018-11-06,HOU,,100,2018-11-06_HOU_100,2,0,650,651,Sylleste H Davis,Michael W Yates,1,0,81,4,56048.36,975,4.050525423645574,2.797281334830153
2018-11-06,CCD,Berkeley,7,2018-11-06_CCD_Berkeley_7,2,0,652,653,Marcia Jakab,Caldwell Pinckney,0,1,6,142,0,0,0,-3.0169344812045935
2018-11-06,HOU,,117,2018-11-06_HOU_117,2,0,654,655,Bill Crosby,Krystle N Simmons,1,0,99,5,49198.2,565,4.465038563982416,2.813410716760037
2018-11-06,HOU,,99,2018-11-06_HOU_99,2,0,656,657,Nancy Mace,Jen Gibson,1,0,127,12,155239.18,36547.8,1.4463251120755398,2.28708090645808
2018-11-06,HOU,,15,2018-11-06_HOU_15,2,0,658,659,Samuel Rivers,JA Moore,1,0,92,9,47423.24,38970,0.19631571060348385,2.2300144001592104
2018-11-06,HOU,,93,2018-11-06_HOU_93,2,0,661,660,Terry L Kiser,Russell L Ott,0,1,16,373,785.43,44644.18,-4.038997913119418,-3.091042453358316
2018-11-06,JPR,Charleston,,2018-11-06_JPRB_Charleston,2,0,662,663,Irv Condon,Stephanie Ganaway-Pasley,1,0,13,20,63300,15544,1.404162083302941,-0.4054651081081646
2018-11-06,HOU,,112,2018-11-06_HOU_112,2,0,664,665,Mike Sottile,Joe Preston,1,0,33,8,40698.2,9958.31,1.4077006441474076,1.329135947279942
2018-11-06,HOU,,94,2018-11-06_HOU_94,2,1,666,667,Con Chellis,Damian Daly,0,0,58,11,60890,,,1.5926307941177194
2018-11-06,HOU,,116,2018-11-06_HOU_116,2,0,,668,,Robert L Brown,,1,,116,,10464.18,,
2018-11-06,CCD,Charleston,8,2018-11-06_CCD_Charleston_8,2,0,670,669,Joe Boykin,Anna B Johnson,0,1,12,179,42006.81,15091.5,1.0236576216888764,-2.6280074934286737
2018-11-06,HOU,,115,2018-11-06_HOU_115,2,0,671,672,Peter McCoy,Carol Tempel,1,0,323,8,90645,60984.76,0.39632141617048866,3.5835189384561095
2018-11-06,HOU,,110,2018-11-06_HOU_110,2,0,673,674,William S Cogswell,Ben Pogue,1,0,53,18,129735,104633,0.21503306980169512,1.0445450673978343
2018-11-06,CCD,Charleston,1,2018-11-06_CCD_Charleston_1,2,0,675,676,Herb Sass,Donna Brown Newton,1,0,160,3,2700,3160,-0.1572663584230023,3.6951100038645723
2018-11-06,HOU,,119,2018-11-06_HOU_119,2,0,678,677,Paul Sizemore,Leon Stavrinakis,0,1,2,192,275,45900,-5.113841316586539,-4.164077900236776
2018-11-06,HOU,,114,2018-11-06_HOU_114,2,0,680,679,Lin Bennett,Dan P Jones,1,0,73,179,26161.68,9130,1.0526587501906928,-0.8888917576860402
2018-11-06,USH,,5,2018-11-06_USHOU_5,2,0,681,682,Ralph W Norman,Archie Parnell,1,0,1395,683,637752.66,465658.22,0.3144980168805418,0.7134083656997676
2018-11-06,HOU,,43,2018-11-06_HOU_43,2,1,683,684,Randy Ligon,Tom Hawk,0,0,25,18,52950,2480,3.060705252900683,0.3136575588550419
2018-11-06,USH,,7,2018-11-06_USHOU_7,2,0,685,686,Tom Rice,Robert Williams,1,0,750,342,601868.31,25945.11,3.14401863400313,0.783675204598195
2018-11-06,HOU,,97,2018-11-06_HOU_97,2,0,687,688,Mandy W Kimmons,Patsy G Knight,0,1,13,68,28037.07,15801.45,0.5733982382519773,-1.5950491749820013
2018-11-06,JPR,Darlington,,2018-11-06_JPRB_Darlington,2,0,690,689,Dylan S Crowley,Marvin I Lawson,0,1,2,7,2920,18900.08,-1.8672930398845455,-0.980829253011726
2018-11-06,HOU,,62,2018-11-06_HOU_62,2,0,692,691,Billy Baldwin,Robert Williams,0,1,38,342,650,21703.18,-3.506750505497947,-2.174168801036293
2018-11-06,CCD,Darlington,6,2018-11-06_CCD_Darlington_6,2,1,694,693,Phyllis Griggs,Albert Davis III,0,0,16,4,0,3081,-8.033334015880062,1.2237754316221159
2018-11-06,HOU,,60,2018-11-06_HOU_60,2,0,695,696,Phillip Lowe,Devon Justin Long,1,0,45,1,19549.18,,,3.1354942159291497
2018-11-06,CCD,Dorchester,3,2018-11-06_CCD_Dorchester_3,2,0,697,698,George H Bailey,Tim Lewis,1,0,149,12,14814,6451.760000000002,0.8311322347671837,2.445685936634719
2018-11-06,JPR,Edgefield,,2018-11-06_JPRB_Edgefield,2,0,699,700,Greg W Anderson,Sallie Cooks,1,0,18,2,3992.52,0,8.292428326483128,1.8458266904983305
2018-11-06,JPR,Florence,,2018-11-06_JPRB_Florence,2,1,701,702,Jesse Cartrette,Rebecca Guess McGill,0,0,25,2,6425,4528,0.34985109611958976,2.1594842493533726
2018-11-06,HOU,,63,2018-11-06_HOU_63,2,0,704,703,Jay Jordan,Mike Brank,1,0,54,11,60056.4,1350.8,3.7938637338907366,1.5224265354444708
2018-11-06,USH,,4,2018-11-06_USHOU_4,2,1,707,705,William Timmons,Brandon P Brown,0,0,261,134,1075107.42,46389.11,3.1430905013285795,0.663069725322667
2018-11-06,HOU,,22,2018-11-06_HOU_22,2,0,708,706,Jason Elliott,B K Brown,1,0,58,257,102036.05,3500,3.3722873406518925,-1.4754221410158976
2018-11-06,HOU,,17,2018-11-06_HOU_17,2,0,709,710,Mike Burns,Judi Buckley,1,0,101,2,25227.26,20100.27,0.22718179760889257,3.5263605246161607
2018-11-06,HOU,,19,2018-11-06_HOU_19,2,0,711,712,Dwight Loftis,Carrie Counton,1,0,24,2,18258.37,3007.3,1.8033032377716527,2.120263536200091
2018-11-06,HOU,,35,2018-11-06_HOU_35,2,0,713,714,Bill Chumley,Helen Pendarvis,1,0,99,8,13898.67,4895.21,1.0434036624005838,2.4079456086518722
2018-11-06,CCD,Greenville,19,2018-11-06_CCD_Greenville_19,2,0,715,716,Willis H Meadows,Jevarus Howard,1,0,22,1,2850,8285,-1.066897533724675,2.4423470353692043
2018-11-06,HOU,,13,2018-11-06_HOU_13,2,0,717,718,John McCravy,Michael Gaskin,1,0,133,37,32270.72,5156.87,1.833667601348095,1.2602536402245255
2018-11-06,CCD,Horry,7,2018-11-06_CCD_Horry_7,2,0,719,720,Orton Bellamy,Harold Leon Phillips,0,1,25,1,0,7878,-8.971956271245688,2.5649493574615367
2018-11-06,HOU,,106,2018-11-06_HOU_106,2,0,722,721,Russell Fry,Robin Gause,1,0,130,12,109119.18,4877,3.1077145438601796,2.3102479657396144
2018-11-06,HOU,,52,2018-11-06_HOU_52,2,0,725,723,Penry Gustafson,Laurie Slade Funderburk,0,1,34,2,15840,69956.2,-1.4852821107725394,2.456735772821304
2018-11-06,SHF,Kershaw,,2018-11-06_SHF_Kershaw,2,1,726,724,Lee Boan,Anthony S Bell,0,0,2,3,16432.04,2740,1.7909711250019944,-0.2876820724517808
2018-11-06,JPR,Lancaster,,2018-11-06_JPRB_Lancaster,2,1,727,728,Dee Studebaker,Crystal B Johnson,0,0,23,23,2437.5000000000005,1550,0.45248321197356844,0
2018-11-06,HOU,,45,2018-11-06_HOU_45,2,0,730,729,Brandon Newton,Corin Buskey,1,0,135,23,36972.43,3970.43,2.2310733152195397,1.7346010553881066
2018-11-06,CCD,Lancaster,4,2018-11-06_CCD_Lancaster_4,2,0,732,731,Don Duve,Larry Honeycutt,0,1,12,224,0,5964,-8.693664334532016,-2.8511510447428834
2018-11-06,HOU,,87,2018-11-06_HOU_87,2,1,733,734,Paula Rawl Calhoon,Diane Summers,0,0,19,18,65431.88,15170,1.4616391736531842,0.05129329438755059
2018-11-06,HOU,,96,2018-11-06_HOU_96,2,0,736,735,Kit Spires,Bob Vanlue,1,0,22,5,25356.74,252.1,4.607054620309711,1.3437347467010947
2018-11-06,SEN,,20,2018-11-06_SEN_20,2,1,737,738,Benjamin Dunn,Dick Harpootlian,0,0,49,473,62072,714197,-2.442849123035014,-2.249184316266931
2018-11-06,HOU,,69,2018-11-06_HOU_69,2,0,740,739,Chris Wooten,Beth Ann Rocheleau,1,0,22,7,103684.54,5081,3.015657779920442,1.056052674249314
2018-11-06,HOU,,2,2018-11-06_HOU_2,2,0,742,741,Bill Sandifer,Jody G Gaulin,1,0,339,42,82219.38,26166.92,1.1448689701432375,2.067745501916645
2018-11-06,HOU,,95,2018-11-06_HOU_95,2,0,744,743,Chester D Palmer,Jerry Govan,0,1,16,204,972,30674.18,-3.4508250553465505,-2.4897966350821923
2018-11-06,HOU,,,,,,,745,,Gilda Cobb-Hunter,,,,461,,,,
2018-11-06,HOU,,66,2018-11-06_HOU_66,2,0,746,,Tom Connor,,0,,17,,1145.43,,,
2018-11-06,HOU,,75,2018-11-06_HOU_75,2,0,748,747,Kirkman Finlay III,John Crangle,1,0,8,309,132623.86,8780,2.7149342449478144,-3.5393477201429726
2018-11-06,HOU,,73,2018-11-06_HOU_73,2,0,750,749,Ralph Bell,Chris Hart,0,1,3,10,5745.32,16649.18,-1.0638613772569911,-1.01160091167848
2018-11-06,CCD,Richland,11,2018-11-06_CCD_Richland_11,2,1,751,752,Zoe Pruitt Owen,Chakisse Newton,0,0,12,23,1535.6100000000001,55617.47,-3.5889366490320995,-0.613104472886409
2018-11-06,JPR,York,,2018-11-06_JPRB_York,2,0,753,754,Carolyn Rogers,Diondra Love,1,0,41,10,31195,5665,1.7058064800599269,1.3397743454849977
2018-11-06,HOU,,47,2018-11-06_HOU_47,2,0,755,756,Thomas E Tommy Pope,Marty R Cotton,1,0,572,8,32628.58,7746.28,1.4378774249121022,4.153661139378521
2018-11-06,HOU,,48,2018-11-06_HOU_48,2,0,757,758,Bruce M Bryant,Vickie Holt,1,0,124,11,14899.18,4423,1.2143290291953246,2.343407087514301
2018-11-06,HOU,,46,2018-11-06_HOU_46,2,0,760,759,Gary Simrill,Carl Kenny Dicks,1,0,534,8,48355.3,5821.55,2.116858203191553,4.085042169559786
2018-11-06,HOU,,26,2018-11-06_HOU_26,2,0,762,761,Raye Felder,John Kraljevich,1,0,82,17,31631.16,51107.26,-0.4797718033979077,1.5284688499004337
2018-11-06,CCD,York,7,2018-11-06_CCD_York_7,2,1,764,763,Joel Hamilton,Montrio Belton,0,0,42,40,23472.29,3950.74,1.7817071907429192,0.047628048989254435
